id,name,surname,department,position
1,Aurlie,Hardware,Product Management,Budget/Accounting Analyst I
2,Lewie,Dimelow,Legal,Desktop Support Technician
3,Kizzee,Falk,Human Resources,Food Chemist
4,Hermie,Wheatland,Human Resources,Chemical Engineer
5,Kelly,Walwood,Human Resources,Associate Professor
6,Rey,Edeler,Training,Occupational Therapist
7,Elfreda,Laroze,Services,Automation Specialist IV
8,Oliy,Kirkup,Support,Desktop Support Technician
9,Parnell,Jozsika,Engineering,Research Assistant II
10,Ronnie,Disman,Product Management,Geological Engineer
11,Pierson,Daid,Marketing,Environmental Tech
12,Sarene,Pickett,Support,Staff Scientist
13,Leena,Daley,Legal,Legal Assistant
14,Wait,Perris,Human Resources,Accountant IV
15,Jim,Kembrey,Services,Professor
16,Dee,Ranyell,Marketing,Professor
17,Margareta,Brunicke,Business Development,Paralegal
18,Anthea,Shoebridge,Marketing,Help Desk Technician
19,Gardiner,Humberstone,Product Management,Payment Adjustment Coordinator
20,Glendon,Staynes,Support,Pharmacist
21,Cynde,Kobiera,Human Resources,Help Desk Technician
22,Erik,Cordsen,Services,Computer Systems Analyst II
23,Marcos,Dufton,Human Resources,Programmer IV
24,Emmy,Matyasik,Support,Director of Sales
25,Edee,Matthai,Business Development,Biostatistician IV
26,Algernon,Poplee,Product Management,Graphic Designer
27,Laurens,Maymand,Research and Development,Account Representative I
28,Ajay,Venton,Training,Administrative Officer
29,Ynez,Learman,Sales,Chemical Engineer
30,Ellery,Moggach,Legal,Senior Cost Accountant
31,Paxon,Velde,Legal,Legal Assistant
32,Maxine,Kiggel,Research and Development,Internal Auditor
33,Emmalee,Boxe,Sales,Professor
34,Brig,Brunroth,Services,Payment Adjustment Coordinator
35,Amalee,Dahlberg,Legal,Registered Nurse
36,Kingsley,Beharrell,Support,Human Resources Assistant I
37,Kelcie,Feavearyear,Human Resources,Paralegal
38,Hurley,Toolin,Accounting,Senior Cost Accountant
39,Bary,Delph,Human Resources,General Manager
40,Stephi,Skrines,Training,Marketing Manager
41,Nonna,Guyver,Support,Teacher
42,Delphinia,Quantick,Engineering,Programmer Analyst II
43,Carlye,Cusack,Services,Nurse Practicioner
44,Wallis,McNickle,Human Resources,Assistant Professor
45,Lorianne,Whales,Product Management,Software Test Engineer I
46,Dorian,Hinrichsen,Legal,Speech Pathologist
47,Ursuline,Griggs,Training,Registered Nurse
48,Durant,Benettolo,Business Development,Physical Therapy Assistant
49,Dorthy,Jays,Human Resources,Marketing Assistant
50,Susanetta,Mandrier,Support,Environmental Tech
51,Anatol,Woakes,Accounting,Assistant Manager
52,Veronike,Crocumbe,Services,Paralegal
53,Hally,Fensome,Legal,Physical Therapy Assistant
54,Wyatan,Tipper,Support,Media Manager IV
55,Carlin,Jandel,Legal,Teacher
56,Noelyn,Lovekin,Legal,Executive Secretary
57,Kordula,Gudgion,Legal,Automation Specialist I
58,Orson,Brayford,Marketing,Financial Analyst
59,Tilda,Dible,Support,Structural Engineer
60,Lucais,Bernasek,Marketing,Chemical Engineer
61,Nerty,Abbotts,Support,Data Coordinator
62,Christal,Luckcuck,Human Resources,Software Engineer IV
63,Blanch,Kubasek,Engineering,Health Coach I
64,Cindie,Averay,Services,Staff Scientist
65,Ianthe,Illing,Research and Development,Media Manager II
66,Ginger,Gunner,Accounting,Help Desk Operator
67,Larine,Mackleden,Business Development,Registered Nurse
68,Abbey,Aldrich,Marketing,Software Engineer III
69,Katerine,Falkner,Product Management,Research Associate
70,Cassius,McTerrelly,Services,Information Systems Manager
71,Graehme,Marsland,Sales,Biostatistician IV
72,Saunderson,Goldie,Services,Analyst Programmer
73,Drake,Mander,Services,Social Worker
74,Ambrose,MacAnespie,Human Resources,Operator
75,Daisie,Imlin,Training,Director of Sales
76,Jessalin,Gwatkins,Services,Biostatistician I
77,Ezra,Melby,Services,Programmer I
78,Peadar,Anshell,Legal,Research Assistant III
79,Mercy,Yelden,Sales,Software Consultant
80,Onofredo,Fortnam,Research and Development,VP Product Management
81,Shaine,Halligan,Product Management,Legal Assistant
82,Claybourne,Molen,Services,Operator
83,Kerianne,Leeming,Sales,Engineer IV
84,Diana,Thandi,Support,Senior Sales Associate
85,Devin,Briggs,Engineering,Chemical Engineer
86,Micah,Saphin,Engineering,Nuclear Power Engineer
87,Evelyn,Tickel,Business Development,Sales Representative
88,Rudolf,Simkins,Product Management,Internal Auditor
89,Vivie,Childe,Research and Development,Accountant II
90,Paulo,Harriot,Training,GIS Technical Architect
91,Hermione,Bowsher,Research and Development,Budget/Accounting Analyst I
92,Noach,Kingsnorth,Training,Automation Specialist IV
93,Merla,Westwood,Engineering,Financial Analyst
94,Ring,Duker,Engineering,Environmental Specialist
95,Otto,McGrorty,Services,Senior Quality Engineer
96,Tally,Ferran,Accounting,Systems Administrator III
97,Winonah,Paffett,Training,Junior Executive
98,Em,MacGeffen,Human Resources,Quality Control Specialist
99,Zeb,Irwin,Sales,Data Coordinator
100,Jephthah,Dyott,Human Resources,Programmer III
101,Nada,Jacques,Support,Financial Analyst
102,Debra,McPhillimey,Services,Junior Executive
103,Colas,Hosby,Legal,Graphic Designer
104,Maressa,Babin,Research and Development,Senior Quality Engineer
105,Polly,Hazeley,Marketing,Budget/Accounting Analyst I
106,Eadith,Oattes,Sales,Nurse
107,Remy,Cathcart,Marketing,Pharmacist
108,Grazia,Pitbladdo,Legal,Quality Control Specialist
109,Brion,Izchaki,Support,Associate Professor
110,Gannie,McCaskell,Engineering,Software Consultant
111,Hillel,Rodger,Marketing,Statistician I
112,Denni,Isitt,Training,Junior Executive
113,Allie,Halshaw,Accounting,VP Product Management
114,Honoria,Ogglebie,Training,Paralegal
115,Marty,Scollan,Support,Payment Adjustment Coordinator
116,Laural,Konmann,Sales,Account Executive
117,Elisha,Tire,Sales,Clinical Specialist
118,Cameron,Rippingall,Legal,Geological Engineer
119,Elisha,Danat,Research and Development,Senior Financial Analyst
120,Tymothy,Leither,Accounting,Environmental Tech
121,Cyril,Dibb,Product Management,Recruiting Manager
122,Bradan,Yglesia,Training,Senior Financial Analyst
123,Arnold,Eisig,Human Resources,Social Worker
124,Carita,De Carolis,Research and Development,Desktop Support Technician
125,Arly,Gehrtz,Training,Occupational Therapist
126,Harli,Tanby,Services,Software Engineer IV
127,Cassie,Corwin,Human Resources,Environmental Tech
128,Audra,Thresh,Training,Assistant Media Planner
129,Liz,Sealand,Accounting,Clinical Specialist
130,Romeo,Ricardo,Engineering,Physical Therapy Assistant
131,Gawain,Brunning,Business Development,Environmental Specialist
132,Vern,Bilovsky,Services,Senior Quality Engineer
133,Glenn,Jeyness,Services,Human Resources Manager
134,Tanya,Stammer,Research and Development,Registered Nurse
135,Carmella,O'Carroll,Accounting,Registered Nurse
136,Emmey,Petett,Legal,Senior Cost Accountant
137,Brenden,Dutch,Legal,Analog Circuit Design manager
138,Cloris,Essex,Marketing,Administrative Assistant IV
139,Muffin,Domke,Engineering,Chemical Engineer
140,Schuyler,Ruffles,Business Development,Product Engineer
141,Desiri,Cossor,Engineering,Electrical Engineer
142,Belinda,Delcastel,Accounting,Staff Scientist
143,Alwin,Britee,Training,Senior Cost Accountant
144,Alexine,Clelland,Sales,Civil Engineer
145,Merline,Garrod,Sales,Accountant III
146,Adler,Abate,Services,Help Desk Technician
147,Juieta,Ollin,Human Resources,Product Engineer
148,Nero,Rignall,Sales,Paralegal
149,Barton,Worsley,Business Development,Associate Professor
150,Harland,Ennew,Training,Registered Nurse
151,Annabela,Etherson,Product Management,Senior Financial Analyst
152,Turner,Scrancher,Research and Development,Media Manager IV
153,Gwyneth,Lauxmann,Sales,Environmental Specialist
154,Blancha,Tinwell,Research and Development,Web Developer IV
155,Clive,Purton,Human Resources,Assistant Professor
156,Sal,Bilam,Engineering,Business Systems Development Analyst
157,Merwin,McKirdy,Human Resources,Research Nurse
158,Christal,Ridder,Sales,Assistant Professor
159,Chevy,Hindge,Legal,Engineer I
160,Corrie,Fender,Training,Cost Accountant
161,Peggi,Ethersey,Accounting,Statistician IV
162,Stanfield,Grinter,Training,Accountant III
163,Emiline,Dovermann,Accounting,Budget/Accounting Analyst II
164,Moe,Dwyer,Product Management,Safety Technician IV
165,Webb,Piatek,Research and Development,Librarian
166,Haley,Nendick,Product Management,Staff Scientist
167,Joana,Bess,Sales,Tax Accountant
168,Theodor,Storcke,Marketing,Marketing Assistant
169,Anna,O'Loinn,Legal,Tax Accountant
170,Thornie,Pretti,Marketing,Help Desk Operator
171,Stevana,Peterson,Training,GIS Technical Architect
172,Land,Pasquale,Support,Account Executive
173,Brandi,Yurshev,Support,Senior Quality Engineer
174,Wendeline,Descroix,Support,Biostatistician III
175,Winifred,Seczyk,Marketing,VP Product Management
176,Conrado,MacGille,Legal,Environmental Specialist
177,Shaughn,Buckbee,Legal,Librarian
178,Julie,Stener,Legal,Media Manager III
179,Creighton,Wilfling,Marketing,Tax Accountant
180,Normand,Barette,Human Resources,Graphic Designer
181,Yasmin,Ranyell,Marketing,Human Resources Assistant IV
182,Randi,Ramos,Engineering,Chemical Engineer
183,Tripp,Mathias,Marketing,Registered Nurse
184,Con,Ash,Research and Development,Legal Assistant
185,Dawna,Miskelly,Training,Software Test Engineer IV
186,Denny,Appleton,Sales,Analog Circuit Design manager
187,Ward,Vanderplas,Research and Development,Developer III
188,Marisa,Barlthrop,Accounting,Account Coordinator
189,Eyde,Goulbourn,Business Development,VP Product Management
190,Clarke,Sprowson,Sales,Marketing Assistant
191,Pepillo,Pitcock,Engineering,Account Representative II
192,Meir,Pickering,Training,Sales Associate
193,Nikoletta,Liquorish,Support,Structural Analysis Engineer
194,Viola,Darville,Engineering,Senior Quality Engineer
195,Camile,Castelow,Accounting,Senior Editor
196,Bel,Hustler,Business Development,Account Executive
197,Thaine,Satterly,Engineering,General Manager
198,Cele,Jarley,Marketing,Actuary
199,Guido,Aslen,Business Development,Sales Representative
200,Goldina,Tirte,Support,Librarian
201,Ike,Leivers,Support,Structural Analysis Engineer
202,Sascha,Cornehl,Human Resources,Professor
203,Cordelie,Trippick,Sales,Internal Auditor
204,Corney,Fillis,Legal,Environmental Tech
205,Shandee,McClinton,Support,Internal Auditor
206,Ethan,Fakes,Product Management,Food Chemist
207,Lalo,Jordan,Business Development,VP Product Management
208,Malina,Carrol,Human Resources,Research Assistant II
209,Lavinia,Largan,Marketing,Financial Advisor
210,Shaine,Wardhaw,Legal,Chemical Engineer
211,Erick,Steen,Training,VP Sales
212,Marisa,Paradise,Business Development,Product Engineer
213,Rodie,Crone,Support,Marketing Manager
214,Desiri,Sagrott,Human Resources,Web Developer III
215,Elsa,Dumphreys,Legal,Physical Therapy Assistant
216,Konstance,Guillem,Marketing,Nurse Practicioner
217,Marijn,Beardsworth,Business Development,Environmental Tech
218,Coretta,Tenby,Engineering,Librarian
219,Dorian,Connue,Training,Clinical Specialist
220,Minne,Skuce,Business Development,Account Coordinator
221,Hamish,Schaffel,Human Resources,Sales Associate
222,Gwenneth,Purchase,Research and Development,Nurse Practicioner
223,Eugenia,Francecione,Accounting,Web Developer III
224,Chere,Sliney,Engineering,Accounting Assistant IV
225,Tessa,Josef,Product Management,Electrical Engineer
226,Clementine,Lockhurst,Support,Operator
227,Mallory,Seavers,Services,Junior Executive
228,Rana,Milsap,Support,Marketing Manager
229,Syd,Simpkiss,Business Development,Programmer I
230,Stanfield,Guiu,Research and Development,Marketing Manager
231,Terra,Melburg,Legal,Mechanical Systems Engineer
232,Neale,Rolfi,Services,Assistant Manager
233,Pauly,Pennings,Training,Technical Writer
234,Hernando,Eake,Accounting,Paralegal
235,Whitney,Whorlow,Engineering,Community Outreach Specialist
236,Marlena,Dunkinson,Product Management,Research Associate
237,Philippe,Gyngell,Business Development,VP Quality Control
238,Kirstin,Podmore,Product Management,Clinical Specialist
239,Vale,Stiegars,Product Management,Software Test Engineer II
240,Lindsay,Kelway,Engineering,VP Quality Control
241,Karena,Shirtliff,Support,Programmer Analyst II
242,Gwyn,Vaney,Product Management,Administrative Assistant II
243,Sukey,Playfair,Sales,Health Coach II
244,Hercule,Yerson,Legal,Human Resources Assistant I
245,Delainey,Rylstone,Accounting,Business Systems Development Analyst
246,Cello,Gardner,Marketing,Computer Systems Analyst II
247,Meredeth,Gumby,Engineering,Account Representative III
248,Stinky,Beat,Accounting,Information Systems Manager
249,Baxy,Woodard,Services,Environmental Specialist
250,Eliza,Middle,Sales,Budget/Accounting Analyst IV
251,Delaney,Hamnett,Human Resources,Technical Writer
252,Lilyan,Kleinplac,Research and Development,Sales Representative
253,Seymour,Longstaffe,Accounting,Geologist III
254,Vanni,Gritton,Product Management,Paralegal
255,Christoffer,Calderbank,Marketing,Senior Quality Engineer
256,Stefania,Harry,Marketing,Analog Circuit Design manager
257,Darrick,Abotson,Legal,Data Coordinator
258,Blakeley,Alpe,Sales,Nuclear Power Engineer
259,Reiko,Meo,Research and Development,Quality Engineer
260,Kerri,Deme,Human Resources,Food Chemist
261,Leonhard,Cowperthwaite,Engineering,Technical Writer
262,Bethanne,Tatersale,Services,Administrative Officer
263,Burnaby,Piggens,Product Management,Programmer I
264,Neel,Tipping,Services,Mechanical Systems Engineer
265,Carlen,Olczyk,Marketing,Occupational Therapist
266,Angus,Brinkman,Sales,Sales Representative
267,Ashla,Hubbocks,Product Management,Technical Writer
268,Davide,Wallman,Support,Mechanical Systems Engineer
269,Brucie,Knapp,Marketing,Occupational Therapist
270,Rosita,McCormack,Legal,Associate Professor
271,Stearne,Fadden,Engineering,Help Desk Operator
272,Fidole,Crut,Training,Financial Analyst
273,Gualterio,Poizer,Legal,Community Outreach Specialist
274,Meredith,Saterweyte,Product Management,Desktop Support Technician
275,Pamela,Mateiko,Services,Programmer Analyst II
276,Sebastiano,Oldman,Business Development,VP Product Management
277,Tammie,Ames,Product Management,Civil Engineer
278,Weidar,Peteri,Support,Assistant Professor
279,Shelley,Kinder,Services,Professor
280,Garry,Downe,Human Resources,Senior Quality Engineer
281,Hillary,Kettow,Marketing,Sales Associate
282,Felicdad,Temple,Product Management,Staff Scientist
283,Lenard,Piatti,Marketing,Administrative Assistant I
284,Misha,Capell,Business Development,Librarian
285,Lodovico,Radolf,Sales,Senior Sales Associate
286,Britney,Grimsdith,Marketing,Nuclear Power Engineer
287,Alexia,Trelease,Marketing,Chemical Engineer
288,Marlowe,Reedy,Marketing,Compensation Analyst
289,Araldo,Thynn,Legal,Professor
290,Manuel,Camellini,Services,Desktop Support Technician
291,Carmelia,Marzele,Research and Development,Programmer Analyst II
292,Lelah,Skune,Services,VP Quality Control
293,Libbey,Buckle,Services,Software Test Engineer IV
294,Brit,Portis,Product Management,Registered Nurse
295,Marybelle,Matusevich,Legal,Desktop Support Technician
296,Raddie,Vedntyev,Engineering,VP Quality Control
297,Liza,Lomb,Sales,Tax Accountant
298,Douglas,Deniskevich,Services,Business Systems Development Analyst
299,Regan,Ferrieroi,Services,Analog Circuit Design manager
300,Carlynn,Bembrick,Product Management,Structural Engineer
301,Pippa,McSperrin,Business Development,Help Desk Technician
302,Yoshi,Wordsley,Accounting,Account Executive
303,Adelheid,Sopp,Services,Database Administrator I
304,Bebe,Cayley,Accounting,Media Manager I
305,Pearce,Corley,Product Management,Human Resources Manager
306,Rivkah,Jeaffreson,Sales,Assistant Professor
307,Marlene,Stallon,Product Management,Account Executive
308,Ranee,Brinklow,Marketing,Recruiting Manager
309,Lilah,Rockey,Business Development,Research Nurse
310,Leonid,Marking,Marketing,Project Manager
311,Damiano,Maybury,Product Management,Graphic Designer
312,Ax,Binder,Services,Software Engineer I
313,Zandra,Wingham,Business Development,Safety Technician II
314,Fanechka,Juszczyk,Human Resources,Programmer II
315,Brigid,Libbie,Accounting,Programmer Analyst I
316,Heidie,Briffett,Human Resources,Biostatistician II
317,Burtie,Grafham,Engineering,Librarian
318,Arny,Luis,Human Resources,Administrative Assistant II
319,Jordan,Bowle,Accounting,Quality Control Specialist
320,Grantley,Benedick,Legal,Food Chemist
321,Ashbey,O'Carrol,Engineering,Tax Accountant
322,Johnna,Klehyn,Business Development,Executive Secretary
323,Daisy,Duckerin,Training,Senior Sales Associate
324,Liana,Kidgell,Human Resources,Mechanical Systems Engineer
325,Ludvig,Flatman,Research and Development,Chief Design Engineer
326,Pietrek,MacGillivray,Business Development,Librarian
327,Brit,Danovich,Sales,Director of Sales
328,Melisse,Hargrave,Research and Development,Civil Engineer
329,Bobbette,Chipps,Legal,Assistant Manager
330,Rossy,Ivory,Product Management,Nurse Practicioner
331,Lewes,Pibworth,Human Resources,Physical Therapy Assistant
332,Simonne,Mossbee,Legal,Help Desk Technician
333,Isa,Ludlem,Business Development,Recruiter
334,Claudelle,Surman,Training,GIS Technical Architect
335,Charlene,Hrachovec,Legal,Internal Auditor
336,Ashbey,Eastway,Accounting,Analog Circuit Design manager
337,Nadiya,Tytterton,Engineering,Chemical Engineer
338,Fancie,Marie,Accounting,Account Executive
339,Dulcy,Peeter,Human Resources,Systems Administrator II
340,Orv,Mulgrew,Support,Administrative Officer
341,Tana,Melby,Services,Associate Professor
342,Kiah,Lilion,Support,Clinical Specialist
343,Kathryn,Goodwins,Support,Biostatistician IV
344,Franky,Dymond,Accounting,Quality Control Specialist
345,Daisey,Gianneschi,Services,Research Assistant III
346,Alyss,Gittose,Business Development,Sales Representative
347,Cleo,McKissack,Services,Payment Adjustment Coordinator
348,Julina,Hearnaman,Support,Quality Control Specialist
349,Almeta,Rowat,Training,Database Administrator IV
350,Thadeus,Leroy,Training,Project Manager
351,Zane,Jenking,Human Resources,Assistant Media Planner
352,Corrie,Shall,Marketing,Associate Professor
353,Alfy,Ackrill,Product Management,Social Worker
354,Porty,Munehay,Sales,Account Coordinator
355,Thorvald,Cruces,Sales,Account Representative II
356,Mufi,Georgot,Training,Structural Engineer
357,Rafaelia,Kilgrove,Legal,Human Resources Manager
358,Frankie,Farnill,Marketing,Administrative Officer
359,Shanda,Fuke,Engineering,Librarian
360,Jennica,Bartley,Product Management,Librarian
361,Allis,Clews,Engineering,VP Accounting
362,Sloan,Angric,Human Resources,VP Sales
363,Cassey,McGarvie,Product Management,Senior Quality Engineer
364,Gaylord,Warlaw,Legal,Food Chemist
365,Andria,Murkus,Product Management,Technical Writer
366,Gayler,Cotterill,Sales,Data Coordinator
367,Lorrayne,Stanislaw,Marketing,Environmental Tech
368,Nichole,Baynton,Sales,Tax Accountant
369,Sheilakathryn,Hritzko,Sales,Desktop Support Technician
370,Shannon,Lindenberg,Marketing,Civil Engineer
371,Carmel,Payton,Services,Speech Pathologist
372,Deanna,O'Hanley,Services,Environmental Specialist
373,Rossie,Van Cassel,Accounting,Programmer Analyst I
374,Edan,Blas,Services,Account Executive
375,Delaney,Buckler,Support,Nuclear Power Engineer
376,Nolly,Grishmanov,Research and Development,Staff Scientist
377,Lois,Pressman,Training,Database Administrator III
378,Batsheva,Wrigglesworth,Product Management,Environmental Tech
379,Ranee,Reisin,Product Management,Mechanical Systems Engineer
380,Casie,Horick,Human Resources,Media Manager III
381,Viv,Silvester,Human Resources,Research Nurse
382,Esma,Tennison,Business Development,Graphic Designer
383,Olga,D'eye,Support,Payment Adjustment Coordinator
384,Francene,Torbet,Support,VP Accounting
385,Helena,Simonot,Services,Environmental Tech
386,Sherwin,Shelsher,Human Resources,Speech Pathologist
387,Moore,Willwood,Legal,Database Administrator III
388,Bax,Anstie,Support,Web Developer III
389,Yolane,Brundell,Services,Electrical Engineer
390,Casie,Ilive,Support,Clinical Specialist
391,Giana,Corkell,Sales,Environmental Specialist
392,Hadlee,Sarvar,Business Development,Environmental Tech
393,Wakefield,Joannic,Engineering,Budget/Accounting Analyst II
394,Felix,Fincher,Research and Development,Marketing Manager
395,Cinda,Fernant,Support,Data Coordinator
396,Lillian,Vian,Product Management,Sales Associate
397,Annalee,Verner,Accounting,Software Consultant
398,Burnard,Pierse,Human Resources,Payment Adjustment Coordinator
399,Wolf,Tinman,Sales,Senior Sales Associate
400,Hanson,Gocher,Engineering,Actuary
401,Garald,Flott,Business Development,Registered Nurse
402,Daveen,Lambrechts,Marketing,Executive Secretary
403,Salvador,Burkert,Accounting,Marketing Manager
404,Tommi,Coope,Sales,Staff Accountant III
405,Dave,Tremblot,Sales,Tax Accountant
406,Cissiee,Fetherston,Legal,Nuclear Power Engineer
407,Rodolphe,Offiler,Human Resources,Accounting Assistant II
408,Halli,Arnott,Product Management,Developer I
409,Desiri,Reuble,Marketing,Recruiter
410,Grissel,Lowe,Business Development,Senior Cost Accountant
411,Sophi,Pidgin,Research and Development,Help Desk Technician
412,Ajay,Hanington,Accounting,Design Engineer
413,Anabella,Pellington,Training,Programmer III
414,Elna,Michelle,Business Development,Administrative Officer
415,Baxy,Treat,Human Resources,Biostatistician II
416,Matthaeus,Sproat,Services,Registered Nurse
417,Melinde,Rawstorn,Services,VP Product Management
418,Allyn,Dillamore,Human Resources,Geologist III
419,Aurie,Brackstone,Research and Development,Software Test Engineer II
420,Lesli,Brum,Human Resources,Community Outreach Specialist
421,Stephen,Trustram,Research and Development,Geological Engineer
422,Orsola,Cerman,Research and Development,Financial Advisor
423,Corrina,Robke,Training,VP Marketing
424,Erskine,Skeel,Services,Food Chemist
425,Shannah,Gillinghams,Accounting,Automation Specialist IV
426,Roman,Kruger,Training,Recruiter
427,Orville,Lorman,Research and Development,Automation Specialist III
428,Anatola,Durrett,Accounting,VP Sales
429,Cathe,Crowder,Accounting,Administrative Officer
430,Hort,Slessar,Support,Automation Specialist I
431,Starlin,Inold,Marketing,Systems Administrator III
432,Fowler,Davsley,Product Management,Structural Analysis Engineer
433,Rocky,Blethin,Sales,Senior Developer
434,Terencio,Yole,Accounting,Recruiter
435,Vannie,Brandassi,Sales,Librarian
436,Teddy,Jouhning,Legal,Statistician IV
437,Tomi,Bigglestone,Engineering,Environmental Specialist
438,Isac,Chestney,Services,Nurse
439,Goran,Prydie,Legal,Analog Circuit Design manager
440,Eirena,Hendonson,Human Resources,Recruiting Manager
441,Saxe,Margaritelli,Legal,Safety Technician IV
442,Hart,Dightham,Support,Chief Design Engineer
443,Nels,Klaus,Legal,Environmental Specialist
444,Halette,Berthe,Support,Professor
445,Bliss,Scotland,Marketing,Technical Writer
446,Linnet,Benardeau,Human Resources,VP Sales
447,Joey,Gobeau,Training,Automation Specialist III
448,Juliann,Hadny,Support,Senior Developer
449,Roarke,Slad,Accounting,Registered Nurse
450,Sarette,Zellner,Legal,Senior Sales Associate
451,Lorenza,Ruoss,Research and Development,Pharmacist
452,Jillie,Tollow,Training,Account Executive
453,Blane,Hainning,Support,Human Resources Manager
454,Glynda,Riby,Legal,Statistician I
455,Lyle,Cosker,Sales,Associate Professor
456,Darnell,Cole,Support,Information Systems Manager
457,Celestyn,Aloway,Human Resources,Dental Hygienist
458,Gannon,Fudge,Marketing,General Manager
459,Isacco,Wiley,Research and Development,Software Test Engineer III
460,Gay,Whales,Marketing,General Manager
461,Stanford,McCart,Training,Data Coordinator
462,Graeme,Sains,Engineering,Sales Associate
463,Elga,Devey,Services,Web Designer I
464,Franklyn,Bratton,Training,Nurse Practicioner
465,Josi,Figg,Sales,General Manager
466,Millicent,Annear,Product Management,Help Desk Operator
467,Malena,Fairclough,Business Development,Librarian
468,Terrence,Chessill,Marketing,Director of Sales
469,Kittie,Screwton,Support,Compensation Analyst
470,Una,Urpeth,Training,Staff Accountant I
471,Ezri,Matussevich,Research and Development,Operator
472,Becka,Duncan,Training,GIS Technical Architect
473,Zabrina,Chace,Sales,Executive Secretary
474,Sidney,Jephson,Product Management,Paralegal
475,Darius,Gadd,Product Management,Cost Accountant
476,Luise,Taverner,Services,Help Desk Operator
477,Alford,Cobbing,Product Management,Civil Engineer
478,Electra,Salmoni,Engineering,Actuary
479,Glenn,Auden,Marketing,Senior Developer
480,Tom,Rosenhaupt,Research and Development,Physical Therapy Assistant
481,Keary,Simkins,Support,Assistant Professor
482,Roderigo,Gallanders,Support,Registered Nurse
483,Darrelle,Lindenberg,Sales,Financial Analyst
484,Jarrad,Bovingdon,Product Management,Assistant Manager
485,Venus,Camble,Marketing,Graphic Designer
486,Monte,Harmar,Engineering,Paralegal
487,Judah,Quantrill,Product Management,Food Chemist
488,Germain,Wilds,Business Development,Senior Quality Engineer
489,Cordula,Lonnon,Services,Assistant Professor
490,Izak,Wiper,Services,Design Engineer
491,Gan,Stollmeyer,Engineering,Staff Accountant I
492,Tatum,Roddell,Engineering,VP Marketing
493,Boycie,Turley,Accounting,Speech Pathologist
494,Sherwood,Geffen,Training,Financial Advisor
495,Orville,Jozwicki,Research and Development,Business Systems Development Analyst
496,Ernest,Blundell,Training,Developer II
497,Linus,Deering,Support,Senior Sales Associate
498,Esta,Ainslee,Marketing,Community Outreach Specialist
499,Skip,Philbrook,Engineering,GIS Technical Architect
500,Lacee,Schrei,Accounting,Help Desk Operator
501,Vincent,Gather,Human Resources,Sales Associate
502,Carmine,Verdy,Sales,Librarian
503,Portie,Jovey,Services,VP Quality Control
504,Merl,Tithacott,Sales,Budget/Accounting Analyst III
505,Rivalee,Deners,Human Resources,Staff Accountant I
506,Fancie,Akess,Training,Financial Advisor
507,Hanny,Jillions,Human Resources,Assistant Media Planner
508,Novelia,Kerbey,Product Management,Account Representative II
509,Corty,Spleving,Support,Systems Administrator III
510,Kahlil,Gudahy,Marketing,Research Associate
511,Henrietta,Furney,Sales,Paralegal
512,Clemmy,Tynnan,Business Development,Speech Pathologist
513,Angel,Hamsley,Marketing,Safety Technician I
514,Arny,Teasdale-Markie,Human Resources,Occupational Therapist
515,Willdon,Brownfield,Human Resources,Research Assistant IV
516,Suzi,Mollene,Support,Automation Specialist II
517,Odele,Gabbitis,Human Resources,Help Desk Technician
518,Huntington,Selland,Services,VP Quality Control
519,Gunther,Crunden,Support,Librarian
520,Devi,Dix,Engineering,Marketing Assistant
521,Tamarra,Lishmund,Sales,Human Resources Manager
522,Julio,Andresser,Product Management,Librarian
523,Bastien,Bakhrushin,Services,Health Coach III
524,Erroll,Relfe,Legal,Help Desk Technician
525,Melisa,Gregorace,Engineering,Account Coordinator
526,Zebulon,Kondratyuk,Training,Developer I
527,Grace,Faraker,Sales,Librarian
528,Denys,Carnegie,Services,Research Nurse
529,Findley,Karim,Legal,Product Engineer
530,Rik,Vaulkhard,Accounting,Research Assistant II
531,Godart,Lindhe,Research and Development,Executive Secretary
532,Kathi,Mitford,Legal,Desktop Support Technician
533,Avictor,Anchor,Legal,Safety Technician IV
534,Raymund,Splevings,Sales,Financial Advisor
535,Bo,Benjamin,Legal,Programmer Analyst III
536,Robbyn,Eveleigh,Legal,Biostatistician III
537,Lyon,Dahlman,Accounting,Research Assistant III
538,Bobby,Hourston,Sales,Librarian
539,Matilda,Rudram,Product Management,Product Engineer
540,Nariko,Wale,Accounting,Teacher
541,Maryann,Sinson,Support,Engineer II
542,Bailie,Aggs,Product Management,Engineer II
543,Agustin,Blakden,Accounting,Quality Engineer
544,Beale,Shoebridge,Research and Development,Office Assistant IV
545,Abran,Eaves,Research and Development,Senior Developer
546,Jacques,Ransfield,Legal,Quality Control Specialist
547,Pearl,Muat,Legal,VP Product Management
548,Roda,Covell,Business Development,Programmer Analyst IV
549,Marwin,Molian,Marketing,Financial Analyst
550,Ches,Dalliwatr,Business Development,Cost Accountant
551,Bari,Burton,Services,Software Test Engineer III
552,Worthington,Kelloway,Services,Desktop Support Technician
553,Margarethe,Graalman,Human Resources,Paralegal
554,Rafaellle,Foard,Engineering,Senior Sales Associate
555,Dill,Lineker,Sales,Speech Pathologist
556,Aurlie,Lippingwell,Accounting,Engineer III
557,Shoshanna,Rehme,Support,Analog Circuit Design manager
558,Ardenia,Playfoot,Accounting,Account Representative IV
559,Ethelind,Bailles,Research and Development,Information Systems Manager
560,Dmitri,Crenage,Training,Recruiter
561,Jeromy,Thorburn,Legal,Clinical Specialist
562,Stephana,Ponte,Support,Human Resources Manager
563,Jacqueline,Montford,Marketing,Human Resources Manager
564,Kandy,Boate,Human Resources,Software Consultant
565,Daniella,Whenham,Engineering,Tax Accountant
566,Gisele,Goggey,Engineering,Financial Advisor
567,Leanora,Castro,Training,Accounting Assistant II
568,Josy,Kenewel,Services,Technical Writer
569,Chery,Liddle,Engineering,GIS Technical Architect
570,Almira,Ladbury,Research and Development,VP Sales
571,Conny,Stratten,Sales,Database Administrator II
572,Andres,Alcock,Training,Human Resources Manager
573,Gan,Gidley,Engineering,Clinical Specialist
574,Ardine,Wanless,Legal,Sales Representative
575,Danika,Jolliss,Support,Research Associate
576,Shari,Aron,Services,Chemical Engineer
577,Joannes,Russell,Sales,Business Systems Development Analyst
578,Esme,Dartnall,Human Resources,Associate Professor
579,Farlee,Corradino,Training,Operator
580,Erina,Klimentyev,Business Development,Human Resources Manager
581,Adelice,Turbard,Engineering,Clinical Specialist
582,Allissa,Stoggles,Services,Programmer Analyst II
583,Ediva,Daelman,Services,Tax Accountant
584,Michell,Muttock,Human Resources,Software Consultant
585,Riki,Ledwith,Accounting,Legal Assistant
586,Mallorie,Male,Business Development,Engineer III
587,Zacharie,Bickley,Research and Development,Paralegal
588,Griffith,Bernardin,Engineering,Operator
589,Celine,Carbery,Legal,Product Engineer
590,Doralynn,Williment,Sales,General Manager
591,Aleta,O'Hagerty,Legal,Research Nurse
592,Fina,Stedmond,Accounting,Junior Executive
593,Titus,Chipping,Engineering,Registered Nurse
594,Walton,Lovat,Accounting,Research Nurse
595,Jesse,Slaght,Engineering,Teacher
596,Carole,Everingham,Legal,Database Administrator I
597,Dara,Rashleigh,Support,Software Test Engineer I
598,Aguste,Tuft,Product Management,Financial Analyst
599,Suzette,Corrigan,Sales,Marketing Assistant
600,Amargo,Poter,Human Resources,Administrative Officer
601,Westley,Coghlan,Human Resources,Analog Circuit Design manager
602,Ezequiel,Branscomb,Support,Office Assistant I
603,Loralee,Duguid,Sales,Web Designer I
604,Cthrine,Ryde,Engineering,Structural Engineer
605,Deeyn,Dillistone,Marketing,Occupational Therapist
606,Granthem,Oglethorpe,Human Resources,Food Chemist
607,Farand,Chitham,Legal,Structural Analysis Engineer
608,Tarah,Walford,Human Resources,Speech Pathologist
609,Patrick,Shorrock,Training,Actuary
610,Eduardo,Haddow,Accounting,Internal Auditor
611,Rebecka,Deedes,Support,Design Engineer
612,Belvia,Daveran,Support,Statistician III
613,Amity,Daudray,Legal,Speech Pathologist
614,Judd,Boshers,Legal,Administrative Assistant I
615,Gael,Fewster,Support,VP Accounting
616,Desi,MacElane,Human Resources,Senior Financial Analyst
617,Rustin,Marian,Research and Development,Quality Control Specialist
618,Enrica,Johnson,Accounting,VP Accounting
619,Kayla,Blais,Accounting,Graphic Designer
620,Rivy,O' Kelleher,Legal,Research Nurse
621,Araldo,Wybrew,Legal,Accountant III
622,Hugues,Bertin,Services,General Manager
623,Pooh,Hardeman,Marketing,Dental Hygienist
624,Peria,Liver,Support,Automation Specialist II
625,Vasily,Cuerdale,Services,Clinical Specialist
626,Bab,Summerell,Business Development,VP Marketing
627,Moss,Grimshaw,Services,Systems Administrator III
628,Jed,Hands,Services,Nurse
629,Trish,Murra,Legal,Programmer II
630,Hilario,Kennsley,Sales,Account Coordinator
631,Lesli,Hanscom,Human Resources,Project Manager
632,Mozes,Sowerby,Sales,Staff Scientist
633,Milton,Dunkerton,Services,Senior Quality Engineer
634,Russ,Ramsell,Legal,Librarian
635,Harald,Wickersley,Support,Account Coordinator
636,Phyllida,Kirstein,Research and Development,Media Manager III
637,Marcelline,Luberto,Engineering,Software Test Engineer IV
638,Eustace,M'Quharg,Research and Development,Accounting Assistant III
639,Ninon,Gaukroger,Legal,Data Coordinator
640,Opalina,Durham,Product Management,Sales Representative
641,Rebeka,Buncom,Sales,Paralegal
642,Verne,Heatley,Accounting,Data Coordinator
643,Darill,Duferie,Support,VP Quality Control
644,Dita,Beeke,Accounting,Cost Accountant
645,Othello,Lawranson,Business Development,Senior Financial Analyst
646,Marge,Giannotti,Accounting,Senior Developer
647,Zorina,Gligoraci,Marketing,Paralegal
648,Pippo,Carlet,Services,Junior Executive
649,Kippar,Girardini,Product Management,Speech Pathologist
650,Keven,Killoran,Services,Data Coordinator
651,Carly,Arens,Human Resources,Programmer I
652,Gwenore,Lillistone,Legal,Analog Circuit Design manager
653,Pat,Loughlin,Product Management,Web Designer II
654,Sher,Gravatt,Training,Librarian
655,Pincus,Wardall,Research and Development,General Manager
656,Maure,Mainz,Training,Environmental Specialist
657,Farrell,Roo,Engineering,Graphic Designer
658,Zondra,Addie,Support,Marketing Assistant
659,Barris,Huster,Product Management,Human Resources Manager
660,Patrizia,Slott,Legal,Programmer II
661,Stefania,Czajkowski,Research and Development,Accounting Assistant III
662,Sula,Swenson,Engineering,Environmental Specialist
663,Stacia,Creebo,Engineering,Legal Assistant
664,Clara,Mackieson,Marketing,Computer Systems Analyst II
665,Derril,Gaspero,Marketing,Cost Accountant
666,Camilla,Hayfield,Training,Account Executive
667,Kerby,Bulloch,Training,Environmental Tech
668,Aristotle,Brandts,Legal,Assistant Media Planner
669,Carmita,Charke,Business Development,VP Quality Control
670,Brunhilde,Shadbolt,Support,Human Resources Assistant II
671,Prudy,McMonies,Legal,Engineer II
672,Renaud,Ricci,Human Resources,Librarian
673,Odelle,Riddick,Support,Food Chemist
674,Rebbecca,Huggens,Engineering,Assistant Media Planner
675,Brion,Rains,Services,Chief Design Engineer
676,Alina,Crissil,Training,Civil Engineer
677,Abbie,Hartfleet,Marketing,Compensation Analyst
678,Dorolisa,Andrichak,Business Development,GIS Technical Architect
679,Brietta,Houten,Accounting,Office Assistant IV
680,Farleigh,Copes,Accounting,Account Coordinator
681,Hyacintha,Goult,Research and Development,Marketing Manager
682,Suzy,Oldrey,Legal,Assistant Professor
683,Kaylyn,Balkwill,Marketing,VP Product Management
684,Christan,Oliver,Accounting,Budget/Accounting Analyst IV
685,Luigi,Zum Felde,Business Development,Librarian
686,Marlin,Gascard,Legal,Technical Writer
687,Henrietta,Ghion,Support,Research Associate
688,Aprilette,Pay,Marketing,Senior Cost Accountant
689,Hillery,Wallage,Product Management,Senior Developer
690,Ranna,Bussell,Legal,Senior Quality Engineer
691,Wyndham,Shaudfurth,Marketing,Product Engineer
692,Violette,Weedenburg,Legal,Design Engineer
693,Illa,Horley,Legal,GIS Technical Architect
694,Drake,Kearton,Accounting,Chief Design Engineer
695,Gaby,Sherrington,Engineering,Biostatistician I
696,Modesta,Edwards,Human Resources,Registered Nurse
697,Issiah,Francesco,Product Management,Structural Engineer
698,Bunny,Stenett,Training,Internal Auditor
699,Seline,Beacham,Marketing,Database Administrator III
700,Chery,Norville,Sales,Assistant Manager
701,Nikola,Simenon,Engineering,Computer Systems Analyst III
702,Ikey,Tilte,Accounting,Civil Engineer
703,Nikita,Reyna,Training,Senior Financial Analyst
704,Benn,Barlee,Support,Community Outreach Specialist
705,Harwell,Hardacre,Support,Sales Representative
706,Morgun,Axel,Training,Assistant Media Planner
707,Thibaud,Dombrell,Marketing,Sales Associate
708,Wildon,Mattes,Product Management,Financial Analyst
709,Lonnard,Jenks,Support,GIS Technical Architect
710,Faulkner,Snoddon,Sales,Media Manager III
711,Gabriela,Benda,Sales,Tax Accountant
712,Allina,Capron,Product Management,Product Engineer
713,Carmine,Monaghan,Product Management,Health Coach IV
714,Joanne,Nelligan,Support,GIS Technical Architect
715,Valli,MacPeice,Human Resources,Product Engineer
716,Inessa,Madill,Human Resources,Web Developer II
717,Alma,Brimilcombe,Engineering,Senior Editor
718,Wilfrid,Hayzer,Sales,Administrative Officer
719,Olivie,Makey,Research and Development,Design Engineer
720,Odella,Kirkhouse,Marketing,Teacher
721,Burk,Phillipson,Human Resources,Physical Therapy Assistant
722,Sherman,Colomb,Human Resources,Senior Financial Analyst
723,Shelby,Walch,Research and Development,VP Product Management
724,Lorie,Dorsett,Human Resources,Data Coordinator
725,Maury,Nagle,Sales,Structural Analysis Engineer
726,Kristine,Sibray,Product Management,GIS Technical Architect
727,Kleon,Skidmore,Sales,Analog Circuit Design manager
728,Jerome,Mahmood,Sales,Biostatistician II
729,Quint,Kenzie,Marketing,General Manager
730,Colby,Olivas,Sales,Executive Secretary
731,Weber,Delmage,Research and Development,Financial Analyst
732,Carmita,Toffetto,Human Resources,Assistant Professor
733,Stacee,Tullot,Sales,Web Developer IV
734,Eleonore,Rawlyns,Human Resources,Research Nurse
735,Ferrell,Cristofvao,Accounting,Junior Executive
736,Tierney,Spandley,Product Management,GIS Technical Architect
737,Anjela,Pottie,Services,Software Test Engineer I
738,Odele,Olyonov,Research and Development,Structural Engineer
739,Ossie,Bisco,Engineering,Accountant IV
740,Enrico,Vernalls,Business Development,Quality Engineer
741,Florri,Snowding,Services,Senior Sales Associate
742,Orelie,Aspling,Accounting,Financial Advisor
743,Ramsey,Purseglove,Accounting,Professor
744,Carr,Cocozza,Engineering,Technical Writer
745,Brig,Blewmen,Product Management,Quality Control Specialist
746,Holly,Peers,Product Management,Safety Technician IV
747,Nigel,Symons,Marketing,Chief Design Engineer
748,Reynold,Normanton,Training,Structural Engineer
749,Wood,Chinery,Human Resources,Quality Engineer
750,Krystal,Basnall,Training,Assistant Professor
751,Eveline,Marcoolyn,Sales,Accountant IV
752,Malynda,Hawkett,Engineering,Paralegal
753,Madella,Rannie,Accounting,Business Systems Development Analyst
754,Krispin,Goodright,Sales,Staff Accountant I
755,Guillema,Locker,Business Development,Research Assistant III
756,Chevy,Pidcock,Engineering,Professor
757,Allianora,Pretsel,Training,Pharmacist
758,Karmen,Kinsett,Research and Development,Social Worker
759,Josy,Trippett,Legal,Environmental Specialist
760,Aileen,Wermerling,Research and Development,Mechanical Systems Engineer
761,Vanda,Terram,Business Development,Social Worker
762,Sandy,Pearlman,Accounting,Sales Representative
763,Rudiger,Degoe,Engineering,Financial Analyst
764,Aleksandr,Buntin,Research and Development,Information Systems Manager
765,Jedd,Rainbird,Product Management,Human Resources Manager
766,Moyna,Boston,Marketing,Structural Engineer
767,Klaus,Beverage,Services,Editor
768,Jarad,Juniper,Accounting,Safety Technician IV
769,Benjie,Glasgow,Product Management,Recruiter
770,Richart,Perri,Training,Account Coordinator
771,Wye,Bernlin,Research and Development,Quality Control Specialist
772,Gnni,Kilmary,Marketing,Media Manager I
773,Torrie,Roscoe,Training,Structural Engineer
774,Shaylyn,Monkton,Sales,Senior Developer
775,Desdemona,Longbottom,Legal,Pharmacist
776,Lexine,Cruikshanks,Research and Development,Senior Cost Accountant
777,Corbin,Scimoni,Product Management,Administrative Assistant III
778,Ariadne,Sitwell,Business Development,Senior Financial Analyst
779,Karlis,Gueste,Training,Dental Hygienist
780,Wynnie,Hamer,Accounting,Software Test Engineer III
781,Mei,Snozzwell,Training,Civil Engineer
782,Averell,Durnall,Engineering,Legal Assistant
783,Dredi,Wood,Services,Recruiter
784,Margarita,Ovesen,Marketing,Assistant Manager
785,Penrod,Ayer,Support,Civil Engineer
786,Viva,Clausen,Engineering,Librarian
787,Barney,Schade,Marketing,General Manager
788,Patty,Faughnan,Marketing,Account Coordinator
789,Noelyn,Heddan,Marketing,VP Sales
790,Teena,Mateo,Sales,Analog Circuit Design manager
791,Nigel,Edmand,Human Resources,Tax Accountant
792,Abbi,Craske,Business Development,VP Sales
793,Juline,Pervew,Support,Cost Accountant
794,Josee,Pecha,Accounting,Associate Professor
795,Dion,Drewitt,Legal,Data Coordinator
796,Kristen,Happert,Services,Cost Accountant
797,Ody,Sidlow,Training,Senior Quality Engineer
798,Major,Ornelas,Research and Development,Senior Editor
799,Yurik,Stadding,Legal,Recruiting Manager
800,Cindi,Percy,Marketing,Director of Sales
801,Leena,Gonneau,Support,Software Consultant
802,Rollo,Lewsey,Human Resources,Associate Professor
803,Quintus,Hadwin,Accounting,Editor
804,Bernete,Pail,Legal,Financial Analyst
805,Gherardo,Folke,Marketing,Software Consultant
806,Romeo,Revie,Engineering,Administrative Assistant III
807,Cookie,Popworth,Engineering,Clinical Specialist
808,Ulla,Windus,Human Resources,Dental Hygienist
809,Drusy,Penticoot,Accounting,Safety Technician IV
810,Lark,Caveney,Legal,Administrative Assistant IV
811,Mason,Takkos,Services,Media Manager III
812,Nelli,Orton,Training,VP Marketing
813,Martelle,Goodlife,Marketing,Web Developer IV
814,Tessi,Stouther,Human Resources,Environmental Tech
815,Cam,Hendricks,Training,Systems Administrator II
816,Corrine,Ghioni,Research and Development,Sales Representative
817,Erl,MacMickan,Services,Chemical Engineer
818,Jorrie,Cookman,Services,Recruiter
819,Casey,Dillingston,Research and Development,Programmer Analyst IV
820,Brocky,Rutt,Services,Analog Circuit Design manager
821,Jaine,Fellgett,Sales,Account Executive
822,Emiline,Arnowitz,Research and Development,Environmental Specialist
823,Sissy,Rubinshtein,Services,Staff Accountant IV
824,Rock,Po,Human Resources,Nurse Practicioner
825,Crawford,Amdohr,Business Development,Physical Therapy Assistant
826,Kaitlin,Crowson,Services,Mechanical Systems Engineer
827,Dawn,Bottjer,Marketing,Information Systems Manager
828,Ingunna,Cliff,Marketing,Safety Technician III
829,Sly,Trees,Marketing,Clinical Specialist
830,Llywellyn,Lampard,Human Resources,Programmer II
831,Astra,Rosborough,Services,Sales Associate
832,Walther,Timothy,Research and Development,Registered Nurse
833,Barth,Iggulden,Marketing,Internal Auditor
834,Zena,Switzer,Sales,Research Assistant II
835,Pauly,Bouchier,Marketing,Accounting Assistant II
836,Rusty,Abrahamsson,Product Management,Structural Engineer
837,Marcela,Sorrel,Engineering,Social Worker
838,Jerrine,Duny,Services,Food Chemist
839,Van,Zanicchi,Training,Staff Accountant II
840,Colas,Edlestone,Training,Sales Representative
841,Jaime,Slocumb,Training,Web Designer IV
842,Kristian,Wetherhead,Accounting,Software Engineer III
843,Filip,Busswell,Product Management,Health Coach IV
844,Angil,Hemshall,Product Management,Analog Circuit Design manager
845,Kandy,Bonallick,Research and Development,Junior Executive
846,Ruthi,Evangelinos,Business Development,Help Desk Operator
847,Felisha,McGlaud,Product Management,Occupational Therapist
848,Jennette,Jean,Support,Social Worker
849,Scotty,Collough,Research and Development,Environmental Tech
850,Sly,Barnewille,Marketing,Assistant Manager
851,Auroora,Pearlman,Marketing,Developer IV
852,Gerrie,Jellybrand,Legal,Compensation Analyst
853,Armin,Gaitley,Human Resources,Research Associate
854,Corbet,Gyde,Services,Information Systems Manager
855,Aridatha,Heiden,Research and Development,Assistant Professor
856,Thorstein,Pembery,Sales,Recruiter
857,Culley,Ferenc,Engineering,Software Engineer I
858,Scotti,Arens,Accounting,Research Assistant III
859,Hayley,Maiklem,Human Resources,Associate Professor
860,Mandi,Thundercliffe,Research and Development,Food Chemist
861,Dusty,Embling,Research and Development,Recruiting Manager
862,Frayda,Hallt,Business Development,Professor
863,Jean,Ackery,Business Development,Civil Engineer
864,Sarge,Tompion,Accounting,Environmental Specialist
865,Giacopo,Claisse,Accounting,Statistician I
866,Cad,Brixey,Services,VP Accounting
867,Alexandros,Enevold,Marketing,Teacher
868,Danna,Beacham,Product Management,Technical Writer
869,Baryram,Knappett,Accounting,Physical Therapy Assistant
870,Tam,Redgrave,Marketing,Automation Specialist II
871,Caye,Splaven,Business Development,Computer Systems Analyst I
872,Carlye,Brunelli,Services,Software Test Engineer II
873,Chery,Kun,Accounting,Staff Scientist
874,Jerrine,Feldbau,Accounting,VP Quality Control
875,Lamont,Truett,Support,Sales Associate
876,Jacob,Snowman,Training,Chemical Engineer
877,Hale,Geary,Marketing,Librarian
878,Holmes,Danton,Business Development,Environmental Specialist
879,Wally,Tartt,Training,Electrical Engineer
880,Francoise,Dawkins,Training,Information Systems Manager
881,Brigg,Askey,Human Resources,Librarian
882,Nannie,Jaan,Support,Quality Control Specialist
883,Jodi,Rosario,Engineering,GIS Technical Architect
884,Tootsie,Jellico,Engineering,Nurse Practicioner
885,Ronny,Lage,Training,Computer Systems Analyst II
886,Jilli,Stodhart,Services,Structural Analysis Engineer
887,Greggory,Cyster,Research and Development,Accounting Assistant III
888,Madlin,Tincombe,Support,Structural Analysis Engineer
889,Yolanthe,Thackham,Marketing,Associate Professor
890,Michale,Buxsey,Services,Food Chemist
891,Lorry,Fennessy,Support,Occupational Therapist
892,Sherye,Tomasi,Sales,Technical Writer
893,Fanny,Penelli,Marketing,Nurse
894,Findlay,Harrie,Marketing,Account Executive
895,Westbrooke,Seemmonds,Legal,Occupational Therapist
896,Cassy,Harsent,Human Resources,Director of Sales
897,Millicent,Treske,Human Resources,Product Engineer
898,Olympia,Hassen,Services,Graphic Designer
899,Deirdre,Harbour,Research and Development,Librarian
900,Annabel,Antonellini,Services,Director of Sales
901,Marabel,Stapels,Legal,Structural Engineer
902,Claribel,Ricciardiello,Legal,Mechanical Systems Engineer
903,Feliza,Blader,Marketing,Quality Engineer
904,Camille,Daniell,Support,Environmental Tech
905,Page,Pennone,Product Management,Software Engineer IV
906,Craggie,Phelp,Support,Financial Advisor
907,Glenn,Haddock,Product Management,Accounting Assistant II
908,Cinda,Imason,Research and Development,Recruiter
909,Pascal,M'Barron,Legal,Senior Sales Associate
910,Alidia,Manie,Human Resources,Assistant Media Planner
911,Rita,Neagle,Research and Development,Social Worker
912,Justina,Bapty,Training,Nuclear Power Engineer
913,Bette-ann,Batisse,Support,Safety Technician III
914,Ronda,McPharlain,Services,Statistician III
915,Derby,O'Cannon,Research and Development,Automation Specialist III
916,Maddy,Stoakes,Engineering,Administrative Officer
917,Sully,Ximenez,Business Development,General Manager
918,Jeanie,Cooling,Engineering,Paralegal
919,Laney,Stebbin,Human Resources,Legal Assistant
920,Eamon,Demann,Marketing,Clinical Specialist
921,Theresita,McKimm,Business Development,Design Engineer
922,Edouard,Liven,Engineering,Chemical Engineer
923,Pierson,Bernardez,Human Resources,Product Engineer
924,Tandi,Davidavidovics,Business Development,Health Coach I
925,Arron,Mandy,Sales,Senior Editor
926,Shoshanna,Bennallck,Legal,Compensation Analyst
927,Mia,Flindall,Human Resources,Analyst Programmer
928,Chrysler,Shoorbrooke,Research and Development,Structural Analysis Engineer
929,Etta,Alejandre,Sales,Web Developer II
930,Maia,Aronow,Marketing,Administrative Assistant II
931,Thatch,Landsberg,Human Resources,Assistant Manager
932,Layton,Williscroft,Support,Software Test Engineer III
933,Cassi,Comerford,Marketing,Nuclear Power Engineer
934,Griselda,Mantrup,Marketing,Desktop Support Technician
935,Ferdy,Plom,Engineering,Registered Nurse
936,Durand,Besemer,Human Resources,Recruiting Manager
937,Carry,Morden,Training,Cost Accountant
938,Lem,Lethbrig,Legal,Office Assistant IV
939,Stevana,Babbe,Training,Professor
940,Sascha,Yoslowitz,Marketing,Marketing Assistant
941,Lombard,Robertson,Services,Design Engineer
942,Van,Haliday,Marketing,Legal Assistant
943,Russell,Di Angelo,Sales,Speech Pathologist
944,Kristoforo,Philcott,Research and Development,Environmental Tech
945,Kurt,Anan,Support,Project Manager
946,Vinny,Antonat,Engineering,Executive Secretary
947,Salomo,Mannakee,Product Management,Biostatistician I
948,Martino,Pleasaunce,Business Development,Geologist III
949,Flor,Ecclestone,Accounting,General Manager
950,Dennet,Duffan,Legal,Technical Writer
951,Frannie,Charter,Support,Nurse
952,Dory,Licciardi,Engineering,Occupational Therapist
953,Griffin,Blasetti,Training,Account Executive
954,Elias,McKeachie,Marketing,Editor
955,Candida,Mackstead,Training,Nuclear Power Engineer
956,Hugues,Mowson,Legal,Senior Developer
957,Rinaldo,Comoletti,Accounting,Internal Auditor
958,Carrissa,Clemes,Accounting,Professor
959,Shana,Millimoe,Engineering,Account Executive
960,Desi,Verry,Legal,Budget/Accounting Analyst I
961,Janine,Aust,Business Development,Desktop Support Technician
962,Gert,Hemphall,Support,Automation Specialist II
963,Adamo,Fishbourn,Accounting,VP Quality Control
964,Anselm,Conry,Training,Account Representative II
965,Wildon,Vogeler,Research and Development,Computer Systems Analyst III
966,Jo-ann,Richards,Sales,Data Coordinator
967,Danya,Canellas,Marketing,Web Designer III
968,Yetty,Hawthorn,Product Management,Pharmacist
969,Arlene,Klus,Product Management,Database Administrator I
970,Ola,Knudsen,Services,GIS Technical Architect
971,Alane,Troake,Training,Occupational Therapist
972,Gunar,Dumberell,Product Management,Chief Design Engineer
973,Raleigh,McCaskill,Engineering,Senior Sales Associate
974,Desi,Mutlow,Engineering,Tax Accountant
975,Kristian,Eastman,Product Management,Director of Sales
976,Nickolas,Heffron,Research and Development,Business Systems Development Analyst
977,Levon,Abraham,Research and Development,Staff Accountant IV
978,Kara,Wildbore,Services,Internal Auditor
979,Raquel,Antonignetti,Support,Cost Accountant
980,Nickolas,Dillistone,Support,Analyst Programmer
981,Agosto,Lant,Sales,Project Manager
982,Darbee,Madine,Marketing,Sales Associate
983,Misha,Meakin,Human Resources,Media Manager III
984,Cassey,Mowbury,Product Management,Staff Accountant IV
985,Floyd,Stace,Marketing,VP Marketing
986,Vance,Willows,Services,Graphic Designer
987,Evaleen,Rennie,Accounting,Office Assistant IV
988,Silvio,Trask,Research and Development,Actuary
989,Valeda,Yedy,Business Development,Administrative Officer
990,Si,Appleton,Product Management,Operator
991,Gayler,Rosenblatt,Product Management,Research Assistant III
992,Paulita,Blackster,Business Development,Data Coordinator
993,Calli,Huleatt,Research and Development,VP Sales
994,Lanny,Fowley,Legal,Environmental Tech
995,Chen,Olyfant,Accounting,Internal Auditor
996,Fitzgerald,Twinn,Human Resources,Research Associate
997,Appolonia,Davids,Research and Development,Quality Engineer
998,Sharai,Muress,Services,Nurse
999,Carlynne,Booth,Human Resources,Librarian
1000,Adham,Gabbidon,Human Resources,Executive Secretary
